{"val_loss": [5.499175771688804, 5.6099028947074, 5.034580074573596, 4.7665673366136385, 4.602521873400644, 4.282292997856201, 4.231528861182077, 4.220599623017288, 4.246643457902569, 3.6046988049441318], "val_acc": [0.024739583333333332, 0.04373996789727127, 0.06821829855537721, 0.0981139646869984, 0.13041733547351525, 0.16853932584269662, 0.1807784911717496, 0.18398876404494383, 0.18980738362760835, 0.2705658105939005], "loss": [6.319271409155465, 5.225950033749928, 4.782132334372506, 4.439864243177169, 4.195148057749363, 4.029188742952247, 3.9212743146720994, 3.838100213629695, 3.77519904848479, 3.7290664625702092], "acc": [0.011813211237553342, 0.03943624399786591, 0.08378534590076471, 0.12496665481059932, 0.15887871243108662, 0.1852214120576205, 0.20720700693579938, 0.22307931709052106, 0.23849590965676684, 0.24854392672950382]}