{"val_loss": [1.4956547213452203, 1.367151537888439, 1.3140569308463563, 1.185223194149369, 1.171290871640469, 1.1641872990723197, 1.1235813953521403, 1.0913944912633151, 1.072351076349299, 1.056938583461951, 1.0583413062873461, 1.0220658422530966, 1.0187708488423775, 1.0145855486815702, 0.9882476566192951, 0.9488633743354252, 0.9312446468941709, 0.9373828747255583, 0.9239092402931647, 0.9243915643928744, 0.9302083249295011, 0.9229950720536794, 0.9229086421736589, 0.9211668108202887, 0.9159768722750616, 0.9150864630049848, 0.916861237448158, 0.9185230108524891, 0.9133496968627821, 0.9149197599735666], "val_acc": [0.38699776785714285, 0.45276595748062676, 0.4819858156366551, 0.5392907801756622, 0.5429787234380735, 0.5506382979061587, 0.5662411347602276, 0.5770212766295629, 0.5838297872382698, 0.5920567376224707, 0.5940425531999439, 0.6028368794410787, 0.6082269503884282, 0.6096453901047402, 0.6190070922323998, 0.6395089285714286, 0.6490780142182154, 0.6451063830125416, 0.6465248227288537, 0.6465248227288537, 0.6456737588990664, 0.653617021310414, 0.6533333333671516, 0.6521985815941019, 0.6524822695373643, 0.6553191489699884, 0.658439716345875, 0.655035461026726, 0.6564539007430381, 0.6570212766295629], "loss": [1.9741387303386415, 1.5433332180972705, 1.4183540419646636, 1.3442018243150782, 1.2917055954086696, 1.2540342510214733, 1.2111790183993363, 1.1795219629716864, 1.1532661581189247, 1.1255270769633972, 1.1091619131223427, 1.094084413868529, 1.076214391841046, 1.0624914511811943, 1.0469444992696662, 1.000804381178958, 0.9931515868993137, 0.9805792408352394, 0.979623396295926, 0.9696211837498716, 0.9675050690112095, 0.9625005862500202, 0.9595322912661978, 0.9544550603774855, 0.9513615904105731, 0.9435019652908813, 0.9428548589616697, 0.9399267744489481, 0.9392705159196473, 0.9363771350913531], "acc": [0.27382114955357145, 0.37657531853599435, 0.44067027406098225, 0.4702391342251978, 0.49767847791519604, 0.5159015534924554, 0.5341246290905227, 0.553360097717086, 0.5620527142857481, 0.5759120265566505, 0.5809041717473198, 0.5883400244505997, 0.5963344387888263, 0.6027928085014196, 0.6099842904146314, 0.6257672991071429, 0.6309303543001262, 0.6356083085980584, 0.6362017804403999, 0.6427648804661782, 0.6417524873284399, 0.6419619479527293, 0.644335835228459, 0.6456275091472565, 0.64810612670704, 0.6486297783249855, 0.6528539012023179, 0.6513178564882504, 0.6527840809841642, 0.6554372490607209]}