{"val_loss": [1.7147232187271118, 1.4963471101760863, 1.239177258682251, 1.0660254738807677, 0.9738983352661132, 0.9477820411682129, 0.9791068530082703, 0.8870062705993652, 0.8388698502540588, 1.0231795662879943, 0.8273197045326233, 0.8164952033996582, 0.885699360370636, 0.8402472456932067, 0.8824761233329773, 0.8167413353919983, 0.8580059714317322, 0.7272150943756104, 0.7763061365127564, 0.7194889222621917, 0.7410791860580445, 0.7020863275527954, 0.7235096174240112, 0.7798422254562378, 0.785208164691925, 0.7348875143051148, 0.6979997541427613, 0.7399233814239502, 0.686278376197815, 0.7004478114128113, 0.6883182132720947, 0.6870145067691803, 0.731513699913025, 0.6770404397010803, 0.6777795923233032, 0.6671443672180176, 0.6448213190078735, 0.7031878775596618, 0.6534802491664886, 0.6199845159530639, 0.6355957527160645, 0.6640465717315673, 0.6332901770591736, 0.6211730066299439, 0.6164754254341126, 0.625370242357254, 0.6455689344406128, 0.6056113947868347, 0.5787388184547424, 0.6009754998207092, 0.5902195004463195, 0.6213780122756958, 0.5580975025177002, 0.6280428356170654, 0.6119393367767334, 0.6005884081840515, 0.6146486414432526, 0.5904369949340821, 0.5643836232185364, 0.5943417881965637, 0.5818155793190003, 0.5501714467525483, 0.5936477175712586, 0.5394324120044708, 0.5486393821716309, 0.5433114188671112, 0.5195271765232086, 0.5225602993965149, 0.511841321516037, 0.5047591821670532, 0.5503458550930023, 0.5289858920097351, 0.5361379689216613, 0.49345381717681885, 0.47986536026000975, 0.5190763345241547, 0.5002243746757508, 0.49718832716941835, 0.4703315586566925, 0.47862143392562867, 0.5017383635044098, 0.4646854776859283, 0.48060701088905333, 0.4322266444206238, 0.4415817583084106, 0.45938444528579714, 0.42300510668754576, 0.4559349347114563, 0.4280852935791016, 0.4311171935081482, 0.41812028322219846, 0.40614691772460937, 0.40506329860687257, 0.39293517971038816, 0.384285879945755, 0.4012558898448944, 0.37016864500045776, 0.375428640127182, 0.3699181233167648, 0.3686755769968033], "val_accuracy": [0.5026999711990356, 0.576200008392334, 0.656499981880188, 0.7070000171661377, 0.7501999735832214, 0.7563999891281128, 0.7516999840736389, 0.7907999753952026, 0.8029999732971191, 0.7511000037193298, 0.8070999979972839, 0.8136000037193298, 0.7879999876022339, 0.8023999929428101, 0.795199990272522, 0.8130999803543091, 0.8029000163078308, 0.847100019454956, 0.8270000219345093, 0.8385999798774719, 0.8366000056266785, 0.8489999771118164, 0.843999981880188, 0.8276000022888184, 0.8287000060081482, 0.8424999713897705, 0.850600004196167, 0.8402000069618225, 0.8549000024795532, 0.8514000177383423, 0.8590999841690063, 0.8562999963760376, 0.8464999794960022, 0.8623999953269958, 0.8578000068664551, 0.8578000068664551, 0.8658999800682068, 0.845300018787384, 0.8658999800682068, 0.8711000084877014, 0.8704000115394592, 0.862500011920929, 0.8733999729156494, 0.8727999925613403, 0.8738999962806702, 0.8684999942779541, 0.8648999929428101, 0.8725000023841858, 0.8845000267028809, 0.8766000270843506, 0.8784000277519226, 0.869700014591217, 0.8871999979019165, 0.8705999851226807, 0.8787000179290771, 0.8792999982833862, 0.8722000122070312, 0.8812000155448914, 0.8863999843597412, 0.8809999823570251, 0.883400022983551, 0.8916000127792358, 0.8784000277519226, 0.8934999704360962, 0.888700008392334, 0.8931999802589417, 0.8931000232696533, 0.8930000066757202, 0.9010999798774719, 0.9039000272750854, 0.8849999904632568, 0.8952999711036682, 0.8931999802589417, 0.9027000069618225, 0.9046000242233276, 0.8902999758720398, 0.8988000154495239, 0.8974000215530396, 0.9009000062942505, 0.9002000093460083, 0.8966000080108643, 0.9064000248908997, 0.9024999737739563, 0.9150000214576721, 0.9093000292778015, 0.9059000015258789, 0.9157000184059143, 0.9052000045776367, 0.9146000146865845, 0.9139000177383423, 0.9186999797821045, 0.9164999723434448, 0.9190999865531921, 0.9211000204086304, 0.9210000038146973, 0.9182000160217285, 0.9265999794006348, 0.927299976348877, 0.9275000095367432, 0.9272000193595886], "loss": [2.2534697162696578, 1.4903997385154502, 1.24730561766684, 1.0979108145097263, 1.01631526400407, 0.9504534964030117, 0.9103814377984747, 0.8797481489265495, 0.8553588251597294, 0.8360581504317609, 0.8136445427795957, 0.8003750446130555, 0.7816276583120375, 0.7797010774571201, 0.7595196443225496, 0.7496302283195743, 0.7402377735144657, 0.7339929084231217, 0.7228751202208132, 0.7135502920938867, 0.7083260298271497, 0.6992829182076981, 0.6928379792186873, 0.6856996922625818, 0.6797003444287779, 0.6735677900812086, 0.6675448451445265, 0.6627144237531136, 0.6532246393535979, 0.6467576056308484, 0.6425216857569362, 0.6367634510978689, 0.6307232305097381, 0.6269924734557167, 0.6232602878178766, 0.6135197328024861, 0.6028024057992442, 0.6017643652670205, 0.5907706014532864, 0.5858711729704704, 0.5823382600889044, 0.5768876734392177, 0.5749370879158163, 0.567646848365278, 0.562911326863084, 0.5619005613360617, 0.5482513411110729, 0.5512579762130222, 0.5402737142296888, 0.5332999703329112, 0.5297692302629957, 0.5192364461140262, 0.5205712149511955, 0.5131907045669446, 0.5056403247813097, 0.4993794724951178, 0.49476976406868167, 0.4862470179843933, 0.48381558388920115, 0.47705894303062274, 0.46816200671614344, 0.46285413925878216, 0.4587640546591598, 0.46036264750768924, 0.44742694123028715, 0.4425382081644679, 0.4330949040414277, 0.4252907351981055, 0.42298742851079596, 0.41331716046915806, 0.40495487260314617, 0.3920454694088781, 0.39470545954708863, 0.3840842340052071, 0.37735022925582407, 0.3755364480249171, 0.3595524781642722, 0.3521060726573159, 0.3482784101074892, 0.33518909145500886, 0.33079486557622767, 0.3224546048280867, 0.3123660395246952, 0.3016058258375906, 0.2960284550634908, 0.28400027237398207, 0.2725274984343404, 0.2637280164393255, 0.2552756491166981, 0.24765568982131048, 0.235733310825314, 0.22440796159148177, 0.21274694157188762, 0.20543096375091313, 0.19163121495382776, 0.18307911731801352, 0.17631433030045876, 0.16540083792531793, 0.16042501120814673, 0.15508550357788067],