{"val_loss": [1.5159680835723877, 1.3273626510620118, 1.1300779125213622, 0.9801344388008117, 1.6084893507003784, 1.3165094543457032, 1.118992004966736, 1.1766549533843995, 0.8876926594734192, 0.9417805612564087, 0.8344588346481323, 0.8042542381286621, 0.7446382484436035, 0.7733189803123474, 1.826091495323181, 1.6256537992477418], "val_acc": [0.5726, 0.6557, 0.7315, 0.7774, 0.5466, 0.6639, 0.7325, 0.714, 0.8068, 0.7814, 0.815, 0.8174, 0.8413, 0.8312, 0.4591, 0.5349], "loss": [1.8943030796026596, 1.4157271787137737, 1.1978138299313563, 1.0553580884402125, 1.8943651940171398, 1.4243323525441902, 1.2008038079780605, 1.0553742314125536, 0.9679536162528173, 0.8957317687172635, 0.8417394765859378, 0.7987987302909323, 0.7583721468473832, 0.7265723385835282, 2.0857460980695297, 1.7062988522957638], "acc": [0.4372798591098303, 0.6232388728786423, 0.7036503362151777, 0.7517010886967659, 0.43587896253602304, 0.6179755043227666, 0.7015690041626641, 0.7498999359590137, 0.7795589177073327, 0.8009325968619917, 0.8145813320525136, 0.8260286583413384, 0.8365353826448927, 0.8453410182516811, 0.3564124157844081, 0.5090431504651909]}