{"val_loss": [1.153589785194397, 1.0361466775894166, 0.984277548789978, 0.7564782464981079, 0.798101762008667, 0.6660502048492432, 0.6345910348415374, 0.6734406543731689, 0.7238694314956665, 0.6226925813674927, 0.6453470659255981, 0.6389326630592346, 0.6980151252746583, 0.6786680634498596, 0.6459888935089111, 0.6263695255279541, 0.6507764191627502, 0.7379080593585968, 0.7017959033966065, 0.654966120147705, 0.7509523748397827, 0.6943926914215088, 0.6810378584384918, 0.6875209311485291, 0.6814255574226379, 0.751394288444519, 0.749195118713379, 0.7098526725769043, 0.7525549233436585, 0.7273341094017028, 0.7264995820999145, 0.7424429685592652, 0.7502723466873169, 0.7189792208671569, 0.7267678350448609, 0.7165592368125916, 0.7581662754535675, 0.7463262570858001, 0.7429738994836808, 0.7372732614517212, 0.7594184126853943, 0.746310046005249, 0.732171513557434, 0.7575476055622101, 0.772303121805191, 0.7599926019191742, 0.7601227491378785, 0.7950306277275085, 0.7617848272800446, 0.7833594193458557, 0.7698854763031006, 0.7639966478824616, 0.7770614201545716, 0.772005509853363, 0.7871757843971252, 0.8099385021209716, 0.8141146947860718, 0.8064617941379547, 0.7878789923667908, 0.7806445766448975, 0.7870284124374389, 0.7755362168312073, 0.800296209192276, 0.778712078666687, 0.8033975048065185, 0.7855943416118621, 0.7912488422393799, 0.815334257030487, 0.833732728099823, 0.7694622238636016, 0.7986085728645325, 0.7907791255950928, 0.813748178100586, 0.8171717439651489, 0.7991063957214355, 0.8065208171844482, 0.8358276041030884, 0.8278926198959351, 0.7772940536975861, 0.8131057023048401, 0.8064854694366455, 0.779666872215271, 0.8141984309196472, 0.8189327235221863, 0.7963924331665039, 0.829232728099823, 0.828138404750824, 0.8293597367286683, 0.8210504845619202, 0.8229344105243683, 0.8112591146945953, 0.800039381980896, 0.8306232396125793, 0.8110978220939636, 0.8597942046165467, 0.8196375076770782, 0.8475649847507477, 0.8508093194961548, 0.8337356815814972, 0.8165029945850373], "val_acc": [0.601, 0.6482, 0.6692, 0.7422, 0.7313, 0.7721, 0.7813, 0.7798, 0.7709, 0.7968, 0.799, 0.7967, 0.7949, 0.7968, 0.8062, 0.8114, 0.8109, 0.8023, 0.8088, 0.8147, 0.802, 0.811, 0.817, 0.8126, 0.8136, 0.8097, 0.814, 0.8181, 0.8135, 0.8174, 0.8166, 0.8162, 0.8184, 0.8235, 0.8171, 0.8206, 0.8178, 0.8225, 0.8215, 0.8212, 0.8228, 0.8206, 0.8198, 0.8201, 0.8197, 0.8221, 0.8257, 0.8188, 0.8256, 0.8196, 0.8245, 0.8255, 0.8236, 0.8248, 0.821, 0.8154, 0.8226, 0.8241, 0.8271, 0.8268, 0.825, 0.8258, 0.8223, 0.8307, 0.8251, 0.8232, 0.8293, 0.8262, 0.8239, 0.8268, 0.8272, 0.83, 0.8327, 0.8315, 0.8334, 0.8284, 0.8315, 0.8274, 0.8325, 0.8239, 0.8259, 0.8314, 0.8332, 0.8309, 0.8276, 0.826, 0.8269, 0.8287, 0.8287, 0.8326, 0.8294, 0.8273, 0.8319, 0.8297, 0.8276, 0.8292, 0.8288, 0.8311, 0.8298, 0.8294], "loss": [1.4636227481842041, 1.0145737485122681, 0.8367087674331665, 0.7274571698760987, 0.6466750735473633, 0.5807239626693725, 0.5262722973155975, 0.474414326877594, 0.4274339813423157, 0.3908217117404938, 0.3570816344547272, 0.3192376366519928, 0.2835398716926575, 0.2650790449523926, 0.23961696579933167, 0.2204396086883545, 0.21000610809326173, 0.19308165812969208, 0.18160933475494384, 0.16614742118120193, 0.1617200319802761, 0.1632516501879692, 0.1442298172545433, 0.13731942127227784, 0.1286869269990921, 0.12301936221361161, 0.11179973940849304, 0.11250259268522263, 0.1090183959710598, 0.09969810256361962, 0.0979181004190445, 0.09649131305456161, 0.09645624382734298, 0.08772712024211883, 0.08842465814352035, 0.08650654491782188, 0.08036990500330925, 0.07776635787427426, 0.07626091798067093, 0.07453231096684933, 0.07713744279503823, 0.07211880541294813, 0.07613663203924895, 0.06750694519400596, 0.0694369167882204, 0.06077420884400606, 0.06131959514528513, 0.06311828081607819, 0.06074553037330508, 0.05945359916418791, 0.05783717675775289, 0.05449103017300368, 0.05573575197577477, 0.055381096660196784, 0.05297805182904005, 0.05273708584561944, 0.06386318232327699, 0.053818930627554655, 0.04776360441893339, 0.049376891816556454, 0.046814105489254, 0.04578955025076866, 0.04577426804080605, 0.04550486363217235, 0.04279766798377037, 0.044015468694120645, 0.04366881924778223, 0.044394402099847796, 0.041547448956333104, 0.04341164678700268, 0.04215721049785614, 0.04051539710983634, 0.03786064221706242, 0.04146016638448462, 0.04137155344821513, 0.03956385897502303, 0.03666013680389151, 0.03699028272032738, 0.037445022330433134, 0.03947076505981386, 0.03617695227682591, 0.037359566153287886, 0.03437473098859191, 0.03706692195624113, 0.03573098634019494, 0.034667449411600826, 0.03636807400226593, 0.038702327459231016, 0.0351691335811466, 0.03461234734147787, 0.03598288594737649, 0.029463049726560712, 0.034551903699710965, 0.031047916264981032, 0.03168446275997907, 0.035677033029831946, 0.032137505104355514, 0.02906938217692077, 0.031529192620068786, 0.030263417308926583], "acc": [0.49846, 0.6449, 0.7058, 0.7449, 0.7737, 0.79564, 0.8155, 0.83282, 0.84884, 0.86068, 0.87238, 0.88588, 0.89764, 0.90584, 0.91506, 0.92076, 0.92602, 0.93076, 0.93544, 0.94082, 0.94382, 0.94258, 0.94926, 0.9519, 0.9545, 0.9568, 0.96022, 0.96044, 0.9615, 0.96558, 0.96578, 0.96566, 0.96576, 0.96892, 0.96878, 0.96984, 0.97132, 0.97158, 0.9732, 0.97384, 0.97262, 0.97466, 0.97348, 0.97654, 0.97578, 0.97824, 0.97828, 0.97736, 0.9789, 0.97948, 0.98068, 0.98072, 0.98086, 0.98142, 0.9817, 0.98272, 0.97752, 0.98136, 0.98334, 0.9828, 0.9838, 0.98408, 0.98438, 0.98414, 0.98512, 0.98418, 0.985, 0.9854, 0.98604, 0.98524, 0.98498, 0.9858, 0.98616, 0.98618, 0.98554, 0.9862, 0.98682, 0.98746, 0.98706, 0.98664, 0.98744, 0.9874, 0.9879, 0.98696, 0.98738, 0.98776, 0.98774, 0.98674, 0.98798, 0.98806, 0.98766, 0.98982, 0.98792, 0.98892, 0.98916, 0.98846, 0.98876, 0.99006, 0.98938, 0.98926]}