{"val_loss": [1.1747775461196899, 0.922102435874939, 0.8217585423469543, 0.7565402824401856, 0.6602501620292663, 0.6239759843826294, 0.617285759305954, 0.5508167016506195, 0.5140052833080292, 0.5116164931297302, 0.5011356170415878, 0.4747079325675964, 0.4614164412021637, 0.4461859583377838, 0.4566754645109177, 0.46028570227622984, 0.41117981054782865, 0.3984972182273865, 0.42602108886241913, 0.40911471457481385, 0.3928712664842606, 0.40123736345767974, 0.39866339507102966, 0.37670820090770724, 0.39872163271903993, 0.3895258385181427, 0.379493138051033, 0.3633988693833351, 0.37997246218919756, 0.3667096175670624, 0.3598700592160225, 0.3658292003631592, 0.368469905090332, 0.37513692833185197, 0.3611075679957867, 0.36224048305153844, 0.3609201768100262, 0.3957369946718216, 0.3551410603165627, 0.34654104921221734, 0.3578403240799904, 0.3620719137430191, 0.35346619539260865, 0.37391106221675874, 0.34665636124014854, 0.34253143755197524, 0.3481801097393036, 0.3545653711378574, 0.3482221669435501, 0.3488790952920914, 0.3469641517460346, 0.34559264823496344, 0.35764499837160113, 0.3483983353495598, 0.3457723166167736, 0.348882626080513, 0.34482120900750163, 0.34765698573589326, 0.34056340872049334, 0.3451875988483429, 0.34403172962665557, 0.34243450146317483, 0.3410354785859585, 0.34202660303115845, 0.34299251111149787, 0.3430799121499062, 0.3402299799203873, 0.3407174716889858, 0.3398710262209177, 0.3396240957558155], "val_acc": [0.5846, 0.6757, 0.7113, 0.7391, 0.772, 0.7849, 0.7856, 0.8113, 0.8256, 0.8244, 0.8241, 0.8366, 0.8448, 0.8488, 0.8449, 0.8448, 0.8615, 0.866, 0.8545, 0.8587, 0.8666, 0.8671, 0.8661, 0.8733, 0.865, 0.8724, 0.8742, 0.8784, 0.8743, 0.8785, 0.8811, 0.8814, 0.8782, 0.878, 0.8852, 0.8859, 0.8843, 0.873, 0.8871, 0.8888, 0.8866, 0.8872, 0.8891, 0.8855, 0.8906, 0.893, 0.8884, 0.8913, 0.889, 0.8919, 0.8935, 0.8946, 0.8911, 0.8914, 0.8953, 0.892, 0.8929, 0.8941, 0.8957, 0.8971, 0.8979, 0.8997, 0.8984, 0.8973, 0.8961, 0.8978, 0.8997, 0.8987, 0.8985, 0.8986], "loss": [1.4740937350462768, 1.0968333912934014, 0.9350135284778669, 0.8225089490814466, 0.7461758980356346, 0.6820562683043478, 0.6297640364081517, 0.5892393097085827, 0.5579034823696467, 0.524129283912969, 0.49236387949588395, 0.46992220517499605, 0.4484785558453669, 0.42839849592352613, 0.4121296135968136, 0.39567398965797707, 0.3825992628326028, 0.3628512107759113, 0.34973594353552473, 0.3397768408207988, 0.3251064181132254, 0.3156061073160187, 0.3016655605251767, 0.2939967553927812, 0.2802469048779094, 0.27467878979251736, 0.2677000853383041, 0.2566356013862704, 0.2465581068345037, 0.23960096057918337, 0.23417165392566636, 0.22343703627042422, 0.2145549822795517, 0.21041163348291123, 0.20194991752218924, 0.19570783889049373, 0.19368379477326816, 0.18565122046714558, 0.184446744230736, 0.17735043778333226, 0.16634058030015034, 0.1640075324607218, 0.15924351630160444, 0.15503990382500044, 0.15038407712326698, 0.14286518232432308, 0.14342170015151612, 0.1374483128685744, 0.1332390830958554, 0.1311431929947444, 0.12510126609810882, 0.12144393523874103, 0.12177329048516752, 0.11318145476202915, 0.11593325459808373, 0.10861274652693598, 0.10392487608969898, 0.10343141445748119, 0.1026478122419991, 0.09948582823167301, 0.09791930603669205, 0.09296297706368974, 0.09128417416493308, 0.08719708383342194, 0.08929957717023683, 0.08443820635659016, 0.08436517146083308, 0.08395771015212322, 0.08235847258303951, 0.08156431537509809], "acc": [0.46703890489913547, 0.6114313160422671, 0.6741314441242395, 0.7155779699007365, 0.7425752481588217, 0.7636287223823247, 0.7855027217419148, 0.796489753442203, 0.8103386167146974, 0.8224263528658341, 0.8316922830611592, 0.8393571886007044, 0.8473823246878002, 0.8533261287223823, 0.858829650976625, 0.8635526737111752, 0.8695164905539545, 0.8757204610951008, 0.8811839577329491, 0.8837055715658021, 0.8883442701664532, 0.8910554131966688, 0.8973943323727186, 0.8995156900416267, 0.905559558117195, 0.9060598783221262, 0.9088816842779379, 0.9131844380403458, 0.9167267050912584, 0.9181476144732629, 0.9200088056356068, 0.9230907780979827, 0.9250320204931156, 0.9272967349551856, 0.9315542921204356, 0.933517451168748, 0.9325168107588857, 0.9369596541786743, 0.9354186679474864, 0.938640730067243, 0.9444244316362472, 0.9435638808837656, 0.9451248799231509, 0.9463856868395774, 0.9479867114953571, 0.95188920909382, 0.9508885686839578, 0.9522694524495677, 0.9543307716938841, 0.9553514249119437, 0.9587736151136728, 0.958633525456292, 0.95879362792187, 0.9621357668908102, 0.9612351905219341, 0.9631564201088697, 0.9648975344220301, 0.9641170349023375, 0.9657180595581172, 0.9663384566122318, 0.9673190842138969, 0.9699007364713417, 0.9703210054434839, 0.971641850784502, 0.9701208773615113, 0.9731628242074928, 0.9725912291933418, 0.9726737668161435, 0.9740233749599744, 0.9737832212616074]}