{"val_loss": [1.1480413740158082, 0.7657533212661743, 0.6665887111663819, 0.5763963680267334, 0.5018361000776291, 0.4879468192100525, 0.4850559470176697, 0.499748504948616, 0.43091454138755797, 0.42306649022102355, 0.38348756772875786, 0.36128005480766295, 0.3879802750587463, 0.3507225894153118, 0.34801659392118456, 0.3585979585528374, 0.3681631056547165, 0.3386827640593052, 0.3427108186721802, 0.33254238859713076, 0.3277062610030174, 0.329553706741333, 0.35129966948628427, 0.3512011186897755, 0.33648562486171724, 0.32810182091891765, 0.32326468859314916, 0.34049285057783124, 0.3358772817015648, 0.33005598671138286, 0.3388536032155156, 0.3317889467537403, 0.3232840979069471, 0.3345428445339203, 0.32280176273286343, 0.32676336743831635, 0.32813471815288064, 0.34080708098635076, 0.32884317671060564, 0.32679545980095864, 0.33092466705143453, 0.32781674672905353, 0.335487301787734, 0.341127985727787, 0.3431876617636532, 0.33116121711730956, 0.32998639146089553, 0.3396020932093263, 0.3333521383777261], "val_acc": [0.6048, 0.7378, 0.772, 0.802, 0.8302, 0.8314, 0.836, 0.836, 0.8511, 0.8575, 0.8695, 0.8757, 0.8672, 0.8829, 0.8853, 0.8824, 0.8766, 0.8903, 0.8872, 0.8933, 0.8934, 0.8948, 0.8884, 0.8885, 0.8944, 0.9016, 0.8985, 0.8954, 0.8973, 0.9005, 0.8995, 0.9037, 0.9038, 0.9018, 0.9066, 0.9058, 0.9039, 0.9071, 0.9079, 0.9097, 0.9106, 0.9107, 0.9082, 0.909, 0.9098, 0.9123, 0.9133, 0.9121, 0.9147], "loss": [1.3842446328049243, 0.9149180906650313, 0.7388436430221256, 0.6401008251783674, 0.5684457210787511, 0.5145186739417554, 0.4718137277535357, 0.4370164519704919, 0.4072850681614731, 0.37718451999335423, 0.35540939180411246, 0.3395606831665647, 0.31786494982183416, 0.29994954222475073, 0.28064649410395526, 0.26223645566596154, 0.25391853550163324, 0.24256987095575777, 0.22995340081096993, 0.21302159008186214, 0.20330904492064045, 0.1963374487263903, 0.1921119778020299, 0.1797321014907873, 0.16691278303152393, 0.16056134520987841, 0.1527280208031136, 0.14976649376761444, 0.13698374749445502, 0.13485748555184393, 0.12306276644352529, 0.11794258775013573, 0.11329252253162185, 0.11035536150792462, 0.10723766489753639, 0.09849414865438907, 0.09094262499797026, 0.0846353183592766, 0.08584542104466232, 0.08315027387648119, 0.07993191047249529, 0.07048475924603874, 0.06949103454667974, 0.06783691577154402, 0.0636669065327787, 0.05847188400276413, 0.05626963879285351, 0.05260959743886856, 0.04990061511829123], "acc": [0.5038224463656741, 0.6810959013768813, 0.7451569004162664, 0.780799711815562, 0.8050352225424271, 0.8246677873839258, 0.8382164585334614, 0.8518651937239834, 0.8613512648094781, 0.8698366954851104, 0.8785622798591098, 0.883445405059238, 0.8913504642971501, 0.8966538584694205, 0.904258725584374, 0.9094420429074608, 0.9115834133845662, 0.915966218379763, 0.9207893051552994, 0.9254122638488633, 0.9298951328850464, 0.932618437900128, 0.9334761370916079, 0.9379202689721422, 0.9423230867755363, 0.9436839577329491, 0.946605827729747, 0.9474063400576369, 0.9523495036823567, 0.9529298751200769, 0.9563320525136088, 0.9587536023054755, 0.9600144092219021, 0.961315241754723, 0.9628162023695165, 0.9659181876400896, 0.9682596861991675, 0.9709013768812039, 0.9696805955811719, 0.9717819404418828, 0.9725024015369836, 0.976104707012488, 0.9755443483829651, 0.9768051552993916, 0.9775056035862952, 0.9797470381043868, 0.9808077169388408, 0.9818341869398207, 0.9829436258808456]}