{"R": 125.10327163162232, "G": 116.0350275253296, "B": 106.15470505905151}